link,title,description,channel
fUL7xMqaxRg,MÄ“s APPRECÄ’JÄ€MIES?! | Baiba un Gustavs,"ÄŒau, Å¡ajÄ video viss par mÅ«su uzvÄrda maiÅ†u, rudenÄ«ga pastaiga un nedaudz parunÄju par to kÄpÄ“c mammas tiek nosodÄ«tas, bet tÄ“ti nÄ“.

Paldies ka skatÄ«jies!

SadarbÄ«bÄm: gustavs.baiba@hotmail.com

Instagram: @baiba.mellenberga @gramsgustava",Mellenbergi.
MIygG3hAUN,Å Äª APLIKÄ€CIJA MUMS NOPIRKA LIETAS. (kopÄ ar Bonusway),"hey, jÅ«s varbÅ«t pamanÄ«siet kaut kÄdu izmaiÅ†u. drÄ«z pastÄstÄ«sim. â¤ï¸
(khm, khm, nospied zvaniÅ†u) 

Bonusway mobÄ«lÄ aplikÄcija - 

Bonusway.lv mÄjaslapa - 

paldies Bonusway par sadarbÄ«bu!
kÄ Jums patika mÅ«su pirkumi?",Mellenbergi.
2IOPb4hzP,Gustavs SAJUCIS prÄtÄ | Baiba un Gustavs,"Hey, Å¡odienas video neliels info par skoliÅ†u kurÄ iet MatildÄ«te. 
Spied LIKE un SUBSCRIBE, ja tev patika Å¡is video.

Paldies ka skatÄ«jies!

SadarbÄ«bÄm: gustavs.baiba@hotmail.com
Instagram: @baiba.karklina @gramsgustava",Mellenbergi.
dIXpTyM79U,Why am I running for the European Parliament? (in 5 languages) (LV),THIS VIDEO IS PART OF MY EUROPEAN PARLIAMENT ELECTION CAMPAIGN.,Bea Jonite
kI-573Zj_tY,New generation - new solutions. (Political Ad) (LV),"ğŸ‡ªğŸ‡ºCampaign video for the European Parliament elections. ğŸ‡ªğŸ‡º

JAUNA PAAUDZE - JAUNI RISINÄ€JUMI.

ğŸ¥Š Darot visu un strÄdÄjot tÄpat, kÄ agrÄk, mÄ“s nevaram gaidÄ«t atÅ¡Ä·irÄ«gus rezultÄtus. Ja mÄ“s kÄ valsts vÄ“lamies Å¡ajÄ trauskmainajÄ laikmetÄ atkal kÄ¼Å«t par ieguvÄ“jiem, atrodoties ES sastÄvÄ -, tÄpat, kÄ sportÄ, ir nepiecieÅ¡ama maiÅ†a.

âš¡ï¸ Ir nepiecieÅ¡ams atÅ¡Ä·irÄ«gs domÄÅ¡anas veids, vÄ“rtÄ«bu kopums, darba ritms. Ir nepieieÅ¡ami jauni cilvÄ“ki, kas spÄ“s paskatÄ«ties uz procesiem no pilnÄ«gi citas puses un rast neordinÄrus risinÄjumus. Kas ir gatavi bez apstÄjas mÄcÄ«ties, atzÄ«t savas kÄ¼Å«das, uzdot jautÄjumus un nesamierinÄties, kamÄ“r netiks atrastas pareizÄs atbildes. Eiropas Parlamenta birokrÄtiskajos gaiteÅ†as 751 pÄrstÄvja vidÅ« ir nepiecieÅ¡ama vismaz viena dzirkstele, kas ar entuziasmu un caurspÄ«dÄ«gumu spÄ“s atkal rast saikni starp Eiropas SavienÄ«bu un Tevi - Latvijas iedzÄ«votÄju. Kas ne tikai strÄdÄs, bet bÅ«s Tavas acis un ausis, un stÄstÄ«s Tev par katru pieÅ†emto lÄ“mumu un sperto soli. Kas neskatÄs uz Eiropas Parlamentu kÄ uz siltu vietiÅ†u, bet kÄ uz sistÄ“mu, kas ir liesmÄs no vecÄs, mantkÄrÄ«gÄs politikas.

ğŸ”¥ MÅ«su paaudzei â€˜mantojumÄâ€™ ir atstÄts pienÄkums Å¡Ä«s liesmas dzÄ“st - un varÄ“tu jau par to ÄÄ«kstÄ“t, bet, manuprÄt, ir pienÄcis laiks vienkÄrÅ¡i Ä·etries klÄt pie ugunsdzÄ“Å¡amÄ aparÄta. MÅ«su paaudze nav reprezentÄ“ta Eiropas SavienÄ«bas lÄ«menÄ« - bet vienmÄ“r esmu ticÄ“jusi izteicienam â€œja tu to neredzi, kÄ¼Å«sti par to.â€ Un tÄpÄ“c es esmu Å¡eit. Es esmu vienÄ«gais jaunais cilvÄ“ks LatvijÄ, kam tika dota uzticÄ«ba bÅ«t partijas saraksta pirmajÄ trijniekÄ. Bet tagad bumba ir TavÄ pusÄ“ - dot vai nedot man to iespÄ“ju Tevi pÄrstÄvÄ“t 25 maijÄ? Es gribu iesist vÄrtus, bet man ir nepiecieÅ¡ama komanda! Pievienosies? âš½ï¸

- Beata Jonite, 5. saraksts, 
Eiroparlamenta vÄ“lÄ“Å¡anas sestdien, 25. maijÄ!",Bea Jonite
x85xEw6OgXQ,,"Posting for the first time in ages - this is about my experience of moving in together with someone & how we budgeted it! Even though I'm now taking a completely different career path - I'm still a twenty-something-year-old with social media platforms & want to remain as open and honest as I always have! If you're also moving/planning to move & need some advice - press play! ğŸ˜‰

â†¡ Êá´á´œ á´„á´€É´ Ò“ÉªÉ´á´… á´á´‡ Êœá´‡Ê€á´‡ â†¡
ÉªÉ´sá´›á´€: 
Ò“á´€á´„á´‡Ê™á´á´á´‹: 
á´…á´‡á´˜á´á´˜: 
á´›á´¡Éªá´›á´›á´‡Ê€: 
á´›á´œá´Ê™ÊŸÊ€: 
sá´á´œÉ´á´…á´„ÊŸá´á´œá´…: 

â—â—â—â—â—â—â—â—â—â—â—â—â—â—â—â—â—â—â—â—â—â—â—â—â—â—â—â—â—â—â—â—â—â—â—â—â—â—â—â—Â­â—â—â—

BUSINESS INQUIRIES:
If you wish to contact me, drop an e-mail to:

beatajonite@gmail.com

â—â—â—â—â—â—â—â—â—â—â—â—â—â—â—â—â—â—â—â—â—â—â—â—â—â—â—â—â—â—â—â—â—â—â—â—â—â—â—â—Â­â—â—â—

IN THIS VIDEO:
Music: Jeff Kaale - Pillow Talk
Equipment: Canon 6D 
Canon G7X Mark II 
Canon 50mm 1.8 
Sigma 24mm 1.4 
Editing: Final Cut Pro X 

P.S. This video was not sponsored! x",Bea Jonite
AZoV0MCGP7Y,EirovÄ«zijÄ Å¡ogad nepiedalÄ«simies! Ceru... un mazÄ GrÄ“ta no Zviedrijas,"Sony kameras pÄ“rc Å¡eit: https://center.lv/lv/sony/
IegÄdÄjies automaÅ¡Ä«nu? PÄrbaudi auto vÄ“sturi Å¡eit: Carvertical: http://bit.do/eScvd

IG: 
Ieskaties manÄ Facebook lapÄ: 

 ",CilvÄ“ksArKameru
n32a5tA5G,UzaicinÄja JÄÅ†a BaumaÅ†a komandÄ World RX BiÄ·erniekos,"Divas dienas biju JÄÅ†a BaumaÅ†a komandas biedrs STARD komandÄ! Paldies Ferratum Bankai, ka uzaicinÄja un STARD par viesmÄ«lÄ«bu!

IG: 
Ieskaties manÄ Facebook lapÄ: ",CilvÄ“ksArKameru
NyV-1NfHtf,,"Kristaps Skutelis: https://www.youtube.com/watch?time_co...
SÄ«kÄk par auto: https://kursors.lv/tag/projekt-e/

IG: 
Ieskaties manÄ Facebook lapÄ: ",CilvÄ“ksArKameru
